segment,annual_spend,visits_per_month,items_per_order,support_tickets
Standard,,6.0,1,0
Inactive,33.4623929192028,0.0,1,0
Basic,136.36396095905877,2.0,4,1
Standard,1765.2136189083149,6.0,3,1
Premium,5316.4808757549135,,3,2
Premium,4775.2119808873595,10.0,7,0
Premium,5698.613211279381,10.0,4,2
Basic,508.5519704556577,4.0,2,0
Basic,632.4664665720738,,5,1
Basic,488.3244204480797,4.0,2,2
Premium,4832.612333946729,7.0,4,2
Inactive,41.927030735160066,0.0,3,0
Basic,340.64097077796805,2.0,0,1
Standard,1628.4921291622945,5.0,4,2
Premium,5648.4972732805545,8.0,4,0
Premium,4988.565968850559,9.0,7,1
Standard,1360.6148108104821,5.0,3,0
Standard,1560.3478967618519,10.0,1,3
Standard,1339.4015442138232,8.0,4,1
Standard,1472.8400153087518,4.0,3,2
Basic,642.5461387960363,2.0,2,3
Premium,5855.306686290963,11.0,7,0
Standard,,8.0,1,4
Standard,1394.3960775439577,3.0,2,1
Standard,1078.10476089845,4.0,0,1
Basic,487.53416410569577,0.0,3,0
Premium,4919.93360221668,5.0,5,1
Standard,1701.4020229351397,7.0,3,1
Standard,1983.6661884766272,4.0,2,0
Premium,5448.419657932766,12.0,2,2
Basic,557.2307843883997,0.0,1,1
Premium,5318.2981629109145,8.0,2,1
Premium,5427.7300043413225,9.0,8,0
Inactive,75.74648780304281,0.0,1,0
Inactive,81.71292985771466,0.0,1,0
Basic,616.9350090860572,1.0,1,0
Standard,1893.0926238358825,3.0,3,3
Premium,5697.841905394978,10.0,4,1
Basic,229.43278673327325,,4,1
Standard,1393.5038147660136,5.0,5,1
Premium,4915.928090707605,10.0,5,3
Standard,1358.3728266908618,3.0,5,2
Premium,4819.118465581593,13.0,8,0
Inactive,55.60242777938898,0.0,0,0
Standard,1321.3016117869524,10.0,2,2
Basic,706.1657139756226,3.0,1,1
Standard,1785.5881090529406,4.0,2,4
Standard,1830.346728674186,10.0,1,2
Standard,1262.2740237000116,6.0,3,0
Premium,4846.01923518048,,6,1
Inactive,51.577921931970174,0.0,1,0
Basic,503.47080846472517,1.0,3,1
Inactive,27.892933648944165,0.0,3,0
Basic,617.3273911933641,1.0,2,0
Standard,1600.5716061209846,3.0,1,2
Inactive,31.05015730052451,0.0,1,0
Premium,5412.549132333817,8.0,8,1
Premium,4566.43489214455,12.0,3,0
Premium,5482.698742295585,,4,0
Standard,1870.8392165418654,6.0,1,3
Standard,1388.8228430782644,5.0,4,2
Standard,2131.141827638223,2.0,2,1
Basic,271.20213646498166,0.0,0,1
Standard,1159.855321473935,3.0,4,4
Standard,1428.6914625931076,1.0,3,1
Standard,1557.6704292585694,4.0,5,0
Premium,4628.4328676160085,10.0,8,0
Basic,380.4495794626727,1.0,1,2
Premium,5249.110874248393,9.0,7,0
Inactive,72.80298077042534,0.0,0,0
Basic,374.72856475549656,0.0,2,1
Premium,6044.769360847386,4.0,4,0
Premium,4288.021423774928,14.0,9,0
Basic,460.0021506148378,2.0,7,1
Basic,607.9636913222273,1.0,3,0
Basic,306.00905631932545,2.0,2,2
Basic,434.4920395939107,2.0,1,2
Premium,4966.933692687089,13.0,8,0
Standard,1136.6484212157657,4.0,0,0
Premium,5365.382059533262,11.0,9,1
Basic,561.3542080613956,1.0,2,0
Basic,301.173513247639,4.0,3,0
Standard,1532.8411812141867,2.0,2,2
Premium,,20.0,3,2
Standard,1865.2120709254891,6.0,6,1
Standard,1746.166625701912,6.0,2,2
Basic,799.3501234675946,5.0,4,1
Basic,966.4877834008041,1.0,6,1
Basic,604.3306636348666,1.0,1,2
Standard,1754.7306332229432,5.0,4,2
Premium,4441.429336561745,14.0,6,1
Basic,348.18576713036344,2.0,2,1
Basic,419.62978054215534,2.0,4,0
Standard,987.792612722116,4.0,2,1
Basic,727.0396961979168,2.0,1,0
Standard,1315.991756244515,6.0,2,0
Standard,2002.035627089561,2.0,5,3
Standard,1902.1383155371043,5.0,4,2
Premium,4945.115248091929,14.0,3,1
Premium,5248.742628652829,9.0,2,1
Premium,4353.8686524471905,12.0,3,0
Basic,603.4561707867791,,1,1
Standard,1984.4930456733446,7.0,4,3
Standard,1799.1281266483602,7.0,5,2
Inactive,36.19226747722648,0.0,2,0
Standard,1501.227902302637,5.0,1,4
Standard,1197.6558303787706,6.0,4,3
Basic,332.4388786307381,2.0,2,3
Standard,1169.0929633588507,,1,3
Premium,5179.510076277969,5.0,4,0
Standard,2228.0149459036566,,2,3
Premium,5216.479912680348,10.0,7,1
Inactive,32.09307355273952,0.0,1,0
Basic,438.7848741259669,2.0,2,1
Basic,893.1189636544963,2.0,0,2
Basic,333.20494613387547,3.0,2,2
Basic,472.3123005132027,3.0,4,1
Premium,4650.902233454195,9.0,5,1
Basic,409.2883003192681,3.0,2,0
Standard,838.3301828702793,7.0,3,2
Basic,522.6305319916302,6.0,1,1
Basic,482.3188903127607,1.0,1,0
Standard,1755.1943003346753,3.0,4,3
Premium,4921.628962108862,8.0,4,3
Standard,1215.1727019822708,,0,2
Standard,1930.4204938993032,4.0,6,0
Basic,674.209818114711,4.0,1,0
Basic,378.3114321294211,3.0,2,2
Premium,5535.705650943746,11.0,9,1
Standard,2106.014732078894,7.0,4,4
Standard,1621.2304965027026,6.0,0,6
Standard,1193.407766882761,4.0,4,0
Premium,4596.282299265193,14.0,5,2
Standard,1455.2984401908404,6.0,3,1
Inactive,36.67431598980187,0.0,0,0
Standard,1446.69180686598,3.0,1,4
Standard,1316.1916062367175,3.0,2,2
Basic,657.7842585898406,2.0,0,1
Standard,1905.6085428542144,3.0,3,2
Inactive,55.64374814860854,0.0,0,0
Inactive,26.282789057395938,0.0,2,0
Standard,803.4130747974568,8.0,5,2
Standard,1968.8666305524594,3.0,4,3
Standard,1417.8020754512088,3.0,2,3
Standard,,5.0,2,2
Premium,4743.401817743302,13.0,4,2
Basic,359.52404378156064,2.0,2,1
Standard,1299.6661330593342,6.0,2,4
Premium,5028.16814340606,9.0,1,1
Standard,1346.35628029556,2.0,2,2
Inactive,39.29329825967554,0.0,1,0
Standard,1607.5360854628861,5.0,4,0
Premium,5045.876242224186,16.0,8,1
Standard,1575.6721189280033,6.0,2,3
Inactive,28.091981939815266,0.0,2,0
Standard,1589.5175539698914,,0,2
Basic,639.8287346390578,4.0,1,0
Basic,464.5167069171581,2.0,2,1
Standard,1089.5054883501568,4.0,7,1
Basic,798.0913998846212,2.0,2,1
Standard,1544.6730227539115,4.0,2,5
Basic,398.08386156024307,1.0,0,1
Basic,583.4829686800638,2.0,3,0
Standard,1099.3555292700325,3.0,3,3
Premium,4065.1291501522896,16.0,4,1
Basic,441.7218837225486,4.0,1,3
Standard,1714.3829371909853,6.0,4,1
Premium,3975.029360711261,10.0,11,1
Premium,5387.577747017392,10.0,7,1
Standard,1665.9120257557074,2.0,7,2
Basic,,1.0,2,0
Premium,5535.305279989593,8.0,3,2
Standard,1247.8587192942207,2.0,1,0
Standard,1432.5763138455047,7.0,0,2
Basic,472.6372796690692,2.0,3,0
Premium,5015.537983437507,12.0,4,2
Basic,595.3492395126441,1.0,2,0
Standard,1335.3752599755544,3.0,3,1
Inactive,62.168841389483845,0.0,0,0
Premium,5357.159467936826,6.0,3,0
Standard,1970.3388393589416,6.0,4,2
Premium,4570.249980099911,12.0,4,4
Inactive,41.80626814741005,0.0,1,0
Basic,606.8483239370244,2.0,2,3
Standard,1214.305085778361,4.0,6,3
Basic,,2.0,2,0
Basic,660.933011448934,0.0,2,1
Standard,1597.6310578301432,1.0,1,0
Standard,1178.7442743946683,5.0,4,0
Standard,,6.0,7,0
Premium,4559.465831669354,12.0,3,2
Basic,393.16688545264236,0.0,0,3
Inactive,80.70297440015096,0.0,1,0
Basic,401.4567235402385,,2,0
Standard,1851.059612758981,5.0,3,1
Standard,1540.2889491743379,8.0,4,0
Basic,362.4608682005106,5.0,2,0
Basic,548.99363263477,1.0,2,0
Basic,883.2029488853174,1.0,0,0
Basic,403.67080211985933,2.0,2,1
Basic,374.34358521575456,5.0,2,2
Premium,4460.3037714503225,15.0,4,1
Premium,4857.807675196746,7.0,4,1
Basic,738.5873108926776,3.0,1,1
Basic,737.52159158744,2.0,4,1
Premium,4441.110579881515,11.0,3,1
Premium,5040.39581486099,11.0,6,0
Basic,397.84172590779815,1.0,1,3
Premium,4977.069370315489,11.0,6,1
Premium,4584.364613023845,9.0,6,1
Standard,1323.027210640273,4.0,3,1
Basic,626.6424842146126,4.0,5,2
Basic,586.061663150662,1.0,0,2
Standard,1117.1086750384993,3.0,1,1
Basic,480.8517977722715,,1,1
Standard,1331.817708945807,6.0,1,1
Standard,1376.452989310903,4.0,1,1
Basic,519.7891950157936,4.0,2,0
Basic,673.0385514975388,2.0,0,0
Basic,707.9524095894265,1.0,3,1
Basic,593.1121332919136,3.0,1,2
Standard,1812.0565694378256,6.0,4,3
Premium,4602.2214660295585,9.0,6,0
Standard,1627.3181813583037,9.0,3,2
Standard,1861.4023319981113,,3,1
Standard,1312.7703863022869,3.0,3,0
Inactive,67.05191606590205,0.0,1,0
Standard,2136.1704361291504,2.0,8,1
Basic,,2.0,2,0
Basic,387.61765743666166,1.0,1,1
Basic,660.2569000541025,1.0,2,2
Standard,1681.2362668765554,6.0,3,3
Standard,1737.5389238410412,6.0,5,3
Standard,1735.7436027890426,6.0,2,5
Premium,4938.133659950122,8.0,3,2
Basic,568.6708414888677,3.0,4,1
Standard,1391.9882193729052,9.0,4,2
Premium,4635.9614510723395,10.0,4,2
Basic,691.3086106998522,2.0,4,1
Premium,4924.142783211385,9.0,4,0
Inactive,,0.0,1,0
Inactive,56.15225336378393,0.0,0,0
Inactive,50.47790193972599,0.0,1,0
Standard,1420.7486970253997,6.0,2,0
Premium,5497.790757001015,9.0,6,2
Inactive,84.06345219836075,0.0,2,0
Standard,1431.4984994101674,2.0,1,3
Inactive,62.39618215060602,0.0,0,0
Inactive,52.98838947018394,0.0,2,0
Basic,456.7411699549551,2.0,2,0
Standard,1468.0536350458358,7.0,6,3
Standard,1363.8622544507748,2.0,3,1
Basic,340.43155758469527,1.0,1,0
Standard,1263.0457682852236,6.0,2,1
Premium,5232.184931773287,6.0,3,2
Standard,1334.8344204874536,5.0,6,1
Inactive,22.229148923375778,0.0,1,0
Basic,259.9593343244435,1.0,2,2
Standard,1243.0505287772403,2.0,4,1
Premium,5048.835188374168,17.0,6,0
Basic,677.2836639439943,,1,1
Inactive,59.618161854977906,0.0,0,0
Premium,5618.826878755999,9.0,4,1
Standard,1613.9302908122688,5.0,3,2
Basic,290.6316196711272,1.0,1,0
Basic,588.70238626376,1.0,1,0
Basic,547.9287006174433,3.0,2,1
Basic,748.0425902738427,4.0,0,0
Standard,1040.1898320330208,8.0,5,4
Standard,1441.115804583619,4.0,5,2
Basic,651.4207682893953,1.0,4,2
Basic,,1.0,0,0
Basic,644.0457194422206,1.0,6,1
Inactive,,0.0,1,0
Standard,1802.401201287978,6.0,4,3
Standard,1335.1186246005498,2.0,7,1
Basic,408.7660238832861,2.0,1,1
Basic,554.4673441616785,,3,1
Basic,288.1558520105217,2.0,2,0
Basic,513.527395624535,4.0,2,1
Basic,746.5067233706801,1.0,3,1
Standard,1608.1943674307386,2.0,1,2
Standard,1204.5020622548955,1.0,2,2
Premium,5099.340004773703,9.0,5,0
Standard,1565.2249727060141,10.0,2,4
Premium,4836.688255457217,8.0,3,1
Standard,1278.5828749015825,8.0,3,3
Standard,1554.375348780615,4.0,1,2
Standard,1412.9887681180883,3.0,0,3
Standard,1391.5102429148524,9.0,4,3
Premium,4919.2220081870555,8.0,10,0
Premium,4687.561791117225,13.0,4,0
Basic,309.2868834312296,2.0,2,2
Standard,1470.4821051746285,3.0,2,3
Premium,5128.110918040989,11.0,6,2
Standard,1645.0319675790115,6.0,5,1
Basic,647.9564758858905,1.0,1,1
Standard,1286.4080318223232,7.0,2,1
Basic,485.32537818500845,2.0,1,2
Premium,4446.029164542502,10.0,9,1
Premium,4176.5680708535765,8.0,3,0
Standard,1681.3777034107516,4.0,5,0
Standard,1513.6474428992256,1.0,5,2
Basic,583.7504634817558,4.0,4,1
Basic,,2.0,3,1
Inactive,27.381994150114735,0.0,0,0
Standard,984.8814154673853,1.0,5,4
Standard,1509.6990698386724,4.0,6,2
Basic,640.9369118532768,0.0,0,1
Standard,1229.9837302007252,4.0,5,3
Standard,1362.7100251987154,4.0,3,1
Premium,5092.844290209369,7.0,4,0
Premium,5824.891843120401,7.0,5,0
Inactive,35.63038960480217,0.0,0,0
Basic,729.9400055803336,4.0,0,1
Basic,504.9061634403152,1.0,3,0
Standard,2009.830794902613,7.0,3,4
Premium,4799.102486529183,3.0,4,0
Premium,4450.176352975369,12.0,8,1
Standard,1467.6016049508396,3.0,3,1
Standard,788.5021917423323,5.0,1,1
Basic,806.310447939182,1.0,4,1
Basic,290.42715401777724,2.0,1,5
Standard,1866.6195822588556,8.0,4,3
Inactive,55.24133618173451,0.0,0,0
Basic,207.56574233684495,3.0,3,0
Standard,1605.1110649159016,5.0,2,1
Basic,373.35139442253933,3.0,1,3
Standard,1436.2495905926505,5.0,1,0
Standard,1853.6845197710004,3.0,4,1
Standard,1724.1218531539657,5.0,4,1
Basic,709.7886506939159,5.0,0,2
Premium,4302.752465570369,18.0,4,2
Premium,5526.945776147942,6.0,5,2
Premium,4746.133348385121,8.0,6,2
Premium,4070.29333702687,19.0,5,0
Basic,473.31231862934027,1.0,0,1
Basic,363.07836210552307,0.0,2,0
Standard,1648.9200353201823,4.0,5,5
Premium,6037.532519674271,13.0,9,0
Standard,1611.0635669825224,2.0,5,2
Standard,1675.294249930593,5.0,0,4
Premium,5426.234321716475,10.0,4,0
Standard,,4.0,3,3
Standard,1717.6585119113956,6.0,1,3
Basic,520.5007806744323,5.0,3,0
Basic,390.01023597704693,2.0,2,1
Premium,4665.098320962069,13.0,1,1
Standard,1428.1223026038874,7.0,4,3
Basic,501.3145227328051,1.0,3,3
Standard,1691.1974049069217,5.0,4,1
Basic,742.4450064082874,,1,2
Basic,371.5745239007375,3.0,0,1
Premium,,,6,0
Premium,5448.771785151897,7.0,3,2
Basic,669.5329657756222,1.0,2,0
Premium,5255.078734457592,8.0,9,3
Standard,1881.7710488785708,5.0,3,1
Inactive,64.45653789971024,0.0,2,0
Standard,1533.5397474610165,4.0,3,1
Standard,1587.2842093018455,3.0,6,1
Basic,643.6759446662402,2.0,3,0
Standard,1675.4049845753766,3.0,3,3
Standard,1388.9323224400937,4.0,3,5
Inactive,49.51534332260616,0.0,1,0
Standard,1860.7353743949216,6.0,3,2
Inactive,46.99766097492387,0.0,0,0
Inactive,24.719876641052725,0.0,0,0
Premium,5243.092395780969,10.0,5,1
Premium,4025.3141223387884,12.0,6,1
Premium,4829.211683890821,12.0,4,0
Premium,5433.596530959469,16.0,7,1
Premium,5025.268171396456,8.0,4,0
Basic,723.4703947357029,0.0,4,0
Premium,4719.07895032415,10.0,5,0
Standard,1643.8082860288266,,2,1
Basic,488.6192823972465,2.0,1,1
Premium,4157.666211386807,14.0,4,1
Basic,397.7929647395639,1.0,5,0
Standard,1790.3478072075613,4.0,4,2
Premium,4467.889996591326,9.0,5,2
Basic,498.52327870244255,1.0,1,2
Basic,624.0673142848652,1.0,3,3
Basic,523.6961468377177,4.0,2,1
Basic,664.4820677345381,3.0,0,1
Basic,171.31192232520783,4.0,2,1
Standard,,6.0,5,2
Premium,5599.668390464125,8.0,4,1
Basic,729.3121775811362,2.0,3,1
Basic,487.8431052917384,1.0,4,1
Inactive,8.012874711619489,0.0,0,0
Standard,1704.9669044366424,4.0,0,3
Standard,1287.9285662587208,3.0,4,3
Basic,,0.0,1,3
Standard,1700.011818257583,3.0,3,1
Inactive,48.74768362774155,0.0,2,0
Basic,609.6500940178222,4.0,1,1
Standard,1661.5304871649357,4.0,5,4
Basic,451.1404317124329,3.0,2,0
Basic,611.0818048811655,3.0,3,0
Premium,4410.538254350838,8.0,8,1
Inactive,45.606610952980795,0.0,0,0
Standard,1786.8885006274038,6.0,3,1
Basic,848.7009958779227,1.0,4,1
Standard,1808.6306974270442,7.0,3,1
Basic,575.2527567753182,3.0,2,0
Standard,1422.7138543467017,3.0,1,0
Premium,4965.183273349946,12.0,8,0
Inactive,62.642418944556226,0.0,0,0
Premium,4688.626219999047,9.0,3,0
Standard,1739.4179620057025,7.0,1,1
Inactive,,0.0,1,0
Inactive,,0.0,0,0
Standard,1695.066718022083,6.0,2,1
Basic,582.452477943539,2.0,0,0
Standard,2040.4290297799464,5.0,4,2
Standard,1431.5915910645363,5.0,4,3
Standard,1931.6479138362668,6.0,0,0
Basic,373.35073268157436,2.0,0,1
Basic,596.3558887462352,2.0,4,0
Basic,546.1748558770828,3.0,0,1
Basic,810.2339062258736,3.0,5,1
Premium,4726.506958272281,9.0,4,0
Standard,1297.4737263118527,6.0,3,0
Premium,5180.512572571378,7.0,6,1
Standard,1790.4307991329629,4.0,6,3
Standard,1896.8233400655406,6.0,3,1
Basic,474.63159715357756,2.0,3,0
Standard,1445.9457505881392,4.0,1,2
Premium,5685.737391070461,5.0,7,1
Premium,5612.735272657234,8.0,3,2
Basic,472.4885019061936,2.0,2,1
Basic,450.5766049673021,1.0,2,0
Premium,5837.429836457032,16.0,7,1
Premium,,3.0,6,0
Basic,360.86700037824085,1.0,0,2
Premium,5215.815814818799,10.0,6,2
Basic,610.9513202176751,3.0,2,2
Basic,300.3942303003611,1.0,4,0
Premium,3911.0161339026563,11.0,5,1
Premium,4406.117380041236,10.0,5,1
Inactive,42.05353494897276,,1,0
Standard,1385.264280699213,5.0,7,1
Standard,907.2110100325141,2.0,2,3
Basic,551.273782093245,1.0,1,1
Inactive,48.79924916622871,0.0,1,0
Inactive,56.39930382290326,0.0,1,0
Basic,,3.0,1,1
Standard,1489.0230076971206,7.0,3,1
Premium,5329.824999041185,13.0,1,1
Basic,793.9755882117013,5.0,1,1
Standard,1635.1839148294166,4.0,5,0
Standard,1549.6210980899114,6.0,0,2
Inactive,22.359648626151248,0.0,0,0
Premium,5067.781708207354,8.0,2,1
Standard,1718.5555930543608,2.0,2,2
Premium,5559.316167077106,7.0,8,2
Standard,1503.9130123130856,6.0,4,1
Premium,4913.685432854582,12.0,7,1
Premium,5319.338569940151,16.0,4,1
Premium,4761.073801982413,9.0,3,1
Basic,331.58950619469806,3.0,2,2
Basic,533.6625811916174,0.0,3,0
Standard,1650.5373503332924,2.0,3,0
Inactive,59.72337195933001,0.0,1,0
Standard,1402.4103227029307,6.0,3,3
Standard,1449.4845232581442,5.0,5,1
Basic,451.09812562747265,4.0,1,2
Standard,1735.921863598745,7.0,1,2
Inactive,38.80907429421062,0.0,0,0
Premium,5505.137293418008,9.0,5,0
Inactive,49.11277088976877,0.0,1,0
Premium,4636.339389248861,15.0,6,2
Basic,,4.0,1,1
Standard,1330.741146041854,4.0,2,5
Inactive,20.119244134204987,0.0,0,0
Premium,5314.587545525352,9.0,3,1
Standard,1405.5374003810762,7.0,0,2
Inactive,57.23523984207701,0.0,1,0
Standard,1595.9429130719755,4.0,3,1
Basic,432.8057992325037,2.0,2,2
Basic,317.7790796167035,0.0,3,0
Standard,1126.277264929899,6.0,2,2
Basic,578.3765105315767,2.0,1,1
Standard,1789.9632751561837,3.0,1,1
Inactive,36.473336971114996,0.0,1,0
Premium,4220.963632073243,12.0,3,1
Standard,2350.048683568282,5.0,4,3
Inactive,17.489119328758783,0.0,2,0
Basic,124.01426441949252,0.0,2,3
Standard,1613.6500898068434,7.0,3,1
Basic,604.3065854602594,0.0,2,0
Standard,1125.0538981231907,6.0,2,2
Premium,4867.381229764899,,5,1
Standard,1698.6610001838562,5.0,4,0
Standard,1168.312349485668,6.0,1,2
Standard,1087.4324646113382,1.0,2,1
Premium,4910.508279304155,11.0,5,1
Inactive,1.9266279779893907,0.0,0,0
Inactive,77.84911882966135,0.0,3,0
Basic,291.36588031118436,1.0,2,1
Standard,1355.297527436179,,5,2
Standard,1444.8800175699585,7.0,4,0
Basic,335.3017148870304,2.0,2,0
Basic,596.6185651775163,2.0,3,0
Premium,,11.0,3,1
Inactive,83.4688377124597,0.0,0,0
Basic,566.2620104566336,3.0,1,0
Inactive,50.022198893745866,0.0,3,0
Basic,268.33492276276337,2.0,0,2
Basic,605.4597720111652,4.0,2,1
Standard,1341.6944416749122,8.0,1,2
Inactive,55.8590366703767,0.0,3,0
Basic,,1.0,0,1
Premium,5795.201784286819,,6,0
Premium,4715.425900663733,12.0,6,0
Standard,1217.3819449277266,7.0,4,5
Basic,417.80062718882937,3.0,0,0
Inactive,38.942081326125745,0.0,0,0
Premium,5076.837010282094,9.0,4,0
Standard,1758.763045384551,2.0,7,3
Standard,991.5079684450162,9.0,3,0
Inactive,50.98656331589687,0.0,1,0
Basic,608.3670477831469,0.0,3,1
Basic,448.80352306852274,4.0,1,3
Standard,1660.3630840368571,1.0,4,1
Standard,1270.2764043881232,7.0,3,3
Standard,1471.6745213591857,1.0,2,2
Premium,5090.052733732708,8.0,5,1
Basic,390.3013089577087,1.0,4,1
Basic,729.5501846531616,2.0,1,1
Inactive,34.438104283345716,0.0,1,0
Inactive,26.569911836607645,0.0,0,0
Standard,1127.8219245477796,5.0,1,4
Basic,699.1423177407958,1.0,2,1
Inactive,94.18367933377357,0.0,0,0
Basic,392.39117545108525,0.0,3,0
Standard,1396.6240392796099,1.0,3,4
Standard,1973.8313675084578,5.0,2,2
Premium,4694.120180247707,11.0,4,2
Inactive,49.538988878290674,0.0,0,0
Basic,691.7862751909062,0.0,3,1
Standard,1070.7506395125984,2.0,1,3
Basic,428.5169297849713,1.0,0,1
Basic,843.786690022803,3.0,0,1
Standard,2060.2386012484053,4.0,2,3
Premium,5233.377602419289,10.0,5,1
Basic,,4.0,1,0
Standard,1737.4962618280576,2.0,3,5
Basic,332.18507557792304,3.0,1,1
Standard,1384.1032573658474,5.0,5,1
Basic,169.2058440866141,4.0,0,1
Standard,1472.409460139086,2.0,0,4
Standard,1175.4256893860602,7.0,2,3
Basic,575.8336779822512,2.0,1,0
Standard,1630.8707114403164,4.0,3,2
Premium,,14.0,8,2
Premium,5014.3877820405,7.0,6,0
Basic,482.81608587912206,2.0,3,1
Basic,512.6141582375295,0.0,1,1
Basic,478.45107051543226,4.0,1,1
Standard,1450.4758304990862,4.0,3,2
Premium,5453.999578091229,7.0,4,0
Premium,5253.210387498516,12.0,8,1
Standard,1345.4487302723946,7.0,5,1
Standard,1462.044330913815,4.0,0,0
Standard,1721.2877790391508,5.0,3,4
Standard,1288.2362957819355,6.0,4,3
Inactive,37.42659505938279,0.0,1,0
Standard,714.5600403923161,3.0,5,2
Standard,1368.0900147192574,6.0,3,1
Basic,410.68651956859367,1.0,3,0
Standard,1454.2499789549063,3.0,4,3
Basic,448.10287536462636,0.0,3,0
Basic,605.4710295854075,1.0,2,2
Inactive,99.9686096744299,0.0,1,0
Premium,5498.632783829436,8.0,6,1
Inactive,73.63780085117787,,1,0
Standard,1514.7974510098677,4.0,1,3
Standard,1562.5990449749745,2.0,4,1
Standard,1389.41419026429,3.0,1,2
Inactive,66.14092833213374,0.0,0,0
Standard,1673.6785945713705,5.0,2,1
Standard,1638.0126971581399,5.0,4,2
Basic,353.0241841187762,1.0,1,2
Standard,1696.2384006513278,11.0,4,0
Premium,6071.503527292455,14.0,5,0
Premium,4765.117767831432,6.0,6,0
Premium,3982.8755702445383,12.0,4,1
Premium,4378.875384265439,7.0,5,4
Premium,5563.173766217489,17.0,5,0
Basic,476.38679993398836,2.0,3,0
Premium,5186.766841705884,13.0,3,0
Standard,1936.6303451745976,4.0,2,3
Basic,505.1572733386903,1.0,1,1
Standard,1464.9708006655271,6.0,3,3
Basic,,2.0,2,0
Premium,4684.875352497782,8.0,4,2
Premium,5071.8823215542925,16.0,4,1
Premium,4957.644783568573,6.0,4,1
Premium,5387.290248865871,8.0,9,1
Standard,1553.7342034105402,2.0,5,3
Premium,5524.19994390677,11.0,7,1
Premium,4959.4664472822915,11.0,6,3
Premium,5412.225900113743,15.0,4,1
Standard,1524.8100010915712,3.0,3,4
Standard,1772.466637978785,1.0,5,4
Standard,1633.934759645019,8.0,1,2
Standard,1860.579500861863,2.0,4,0
Basic,501.3182663948108,1.0,4,1
Premium,4525.523586115661,10.0,3,0
Basic,363.96456879169085,1.0,2,1
Basic,205.31959428456128,0.0,3,0
Premium,4259.427137689142,17.0,2,0
Basic,566.3475302246728,1.0,0,1
Inactive,,0.0,1,0
Premium,4139.158712536522,5.0,4,1
Standard,1739.5159416304305,8.0,3,3
Basic,642.3723742512267,4.0,2,1
Basic,473.14118359232805,2.0,1,0
Premium,4569.318473525226,9.0,3,1
Standard,1753.6174149834217,3.0,2,0
Standard,1569.2091955003305,5.0,2,0
Standard,1248.3094681067466,6.0,2,2
Basic,397.0191870269347,1.0,2,1
Standard,1849.012816549065,4.0,2,1
Standard,1176.0270477417575,9.0,1,2
Basic,502.9365143135258,3.0,2,1
Premium,5504.97774835354,8.0,6,1
Standard,1100.5145651365692,4.0,1,4
Basic,491.23548215037675,0.0,2,0
Basic,,,4,1
Standard,1284.6285321272364,6.0,2,1
Standard,2012.762146305889,3.0,5,0
Premium,5384.515827721138,8.0,7,2
Standard,1341.783281508114,6.0,5,2
Standard,1986.4942787853963,4.0,3,0
Standard,1990.2423026656475,7.0,5,1
Standard,927.2830948946596,7.0,0,4
Standard,1730.8695431343021,2.0,1,2
Premium,5437.645026708265,8.0,3,1
Standard,,6.0,2,1
Standard,2030.8011970201874,6.0,2,0
Standard,1559.8521979316665,2.0,1,3
Premium,5087.62259701628,9.0,5,2
Basic,210.25640342346873,0.0,2,0
Standard,1410.5608262202468,3.0,3,4
Basic,252.13814145547937,1.0,4,1
Basic,424.77958649622894,0.0,4,3
Standard,1501.611113650801,5.0,3,2
Premium,5948.943646329353,10.0,4,1
Standard,1465.8562384758725,3.0,5,2
Standard,1547.4281695730358,12.0,4,2
Basic,505.01652019597265,2.0,4,1
Standard,2108.0407106810717,3.0,3,4
Premium,6029.958954207237,,4,0
Standard,1243.853073748687,3.0,2,4
Standard,1307.0449973918908,7.0,7,1
Basic,797.5450478654029,4.0,1,0
Standard,1503.5641303553375,4.0,5,3
Standard,2005.9788408066563,2.0,5,3
Inactive,43.39660664118118,0.0,0,0
Basic,476.6268416639275,2.0,2,0
Standard,1480.3537385935156,7.0,2,1
Premium,6043.187708775676,,3,0
Premium,5139.456182540971,12.0,8,4
Standard,1489.0259880369463,6.0,2,3
Premium,4131.09769207675,13.0,6,2
Premium,5529.782786311698,9.0,6,2
Standard,1333.4158509284011,6.0,3,2
Premium,5219.575066850209,10.0,4,3
Basic,624.9769146905272,1.0,1,0
Premium,4613.90380609781,14.0,1,1
Standard,1999.680964105958,8.0,2,0
Standard,1231.0000516999855,2.0,2,1
Inactive,-10.62387664980178,0.0,1,0
Premium,4385.627372123906,5.0,3,2
Standard,1509.0439196346044,9.0,3,2
Inactive,33.57680583609327,0.0,0,0
Basic,580.6275690459714,1.0,1,2
Basic,419.0902847699041,1.0,2,1
Standard,929.853088194678,3.0,7,3
Premium,4720.6020905575215,5.0,4,0
Basic,453.18921019209006,0.0,2,0
Inactive,59.8381803485448,0.0,1,0
Standard,1178.083431112822,7.0,1,2
Standard,2023.458421987048,3.0,4,3
Standard,2221.4512626761916,5.0,5,1
Basic,312.4961700823926,,2,0
Premium,5185.859619345021,17.0,8,1
Standard,1602.6318118951253,7.0,1,1
Standard,2075.1777445278367,3.0,2,0
Standard,1392.4789273461333,5.0,2,1
Standard,1132.5000334019849,2.0,1,4
Premium,5445.1302657336,16.0,2,1
Basic,658.6233918953267,1.0,2,1
Standard,1307.8103309592113,4.0,1,2
Standard,1595.2254820511373,6.0,1,1
Premium,6360.956073953246,17.0,5,0
Standard,1753.3367616214996,3.0,4,3
Standard,879.4872853706903,2.0,4,4
Premium,5044.697639465807,14.0,7,1
Standard,884.7600432017556,4.0,3,1
Premium,4658.844463896435,13.0,6,0
Premium,5204.842671873274,10.0,3,0
Inactive,38.06012823158135,0.0,1,0
Standard,1160.5783169594888,,2,2
Basic,633.1073546211701,1.0,2,1
Standard,1425.7992108310746,6.0,5,2
Basic,549.9845802485032,4.0,1,0
Basic,517.6561127691438,0.0,2,2
Standard,998.4716180015498,6.0,4,4
Standard,1213.1824344949816,6.0,5,3
Standard,2195.2910366021633,2.0,6,2
Standard,1532.3951762175686,6.0,2,5
Inactive,102.13718326299539,0.0,1,0
Basic,521.6465029152619,1.0,1,0
Inactive,13.325884647411307,0.0,1,0
Premium,3948.2499541372495,11.0,5,0
Basic,724.2234349838491,1.0,3,3
Inactive,48.82334291736956,0.0,0,0
Premium,4889.534137530194,10.0,2,0
Premium,4500.05235387595,16.0,1,1
Basic,829.0403923415106,4.0,5,0
Standard,1479.5114558129583,5.0,2,1
Basic,352.62678156510805,2.0,2,0
Premium,5636.8325270652185,7.0,6,1
Basic,381.0704592391522,0.0,2,1
Standard,1885.674670308504,8.0,1,2
Premium,4971.4693542844225,10.0,6,0
Premium,5194.409455131857,10.0,7,1
Basic,323.9190010540957,0.0,1,0
Basic,396.63323034173146,4.0,6,1
Standard,1640.3070311576657,6.0,0,5
Standard,834.4290102146701,5.0,2,6
Basic,862.8166668970196,3.0,1,0
Standard,1517.9739711273785,3.0,4,1
Basic,548.6265962895493,3.0,2,0
Standard,1523.9745791220112,6.0,1,0
Standard,1596.2790185776973,3.0,2,1
Standard,1637.754050200459,8.0,2,0
Standard,1411.6267078500014,4.0,6,3
Basic,482.9656152814323,2.0,3,1
Standard,1483.2443452041568,4.0,3,1
Standard,1375.5251165639017,7.0,3,2
Basic,725.2929447782893,3.0,2,1
Standard,1175.8778012164494,3.0,0,3
Standard,1146.7750484252133,6.0,4,3
Inactive,51.81581805934214,0.0,0,0
Basic,242.3064029420289,5.0,2,0
Premium,4007.656029277045,24.0,3,1
Inactive,44.657250281164906,0.0,1,0
Basic,673.0254274672316,3.0,2,1
Standard,1848.772100456352,7.0,5,0
Premium,4555.570150982163,11.0,1,0
Basic,476.037725301262,4.0,0,3
Basic,,2.0,3,2
Standard,1577.1713252029567,4.0,1,1
Basic,283.0252694688969,4.0,1,1
Basic,430.2386080698491,2.0,0,1
Premium,5277.5448497207935,9.0,7,0
Standard,,8.0,4,3
Standard,1499.4513723467699,8.0,1,6
Basic,520.997314448203,0.0,3,1
Premium,4618.572278901723,6.0,6,3
Standard,,5.0,4,1
Basic,534.3642134318546,3.0,2,4
Basic,398.90785073548886,3.0,7,1
Standard,1714.8992952864842,6.0,5,2
Basic,1009.7190976494351,0.0,2,2
Premium,4261.671388240973,7.0,3,1
Basic,658.6701511312878,1.0,0,0
Premium,4567.857369029733,13.0,4,1
Standard,1840.6861756474427,10.0,3,1
Basic,624.7248300397493,1.0,2,0
Premium,5399.045524330781,11.0,8,0
Standard,896.9350036301811,6.0,3,1
Basic,301.40733736706557,5.0,2,4
Basic,449.26150336293847,4.0,0,2
Basic,682.1762017666706,3.0,4,1
Basic,592.4893079171836,2.0,6,0
Standard,1165.5830232134974,5.0,5,2
Standard,2296.117462609905,7.0,5,0
Standard,1856.8254853390429,13.0,1,3
Premium,4710.893950890123,15.0,2,3
Inactive,55.902819586748336,0.0,0,0
Standard,1684.038049701551,5.0,3,3
Standard,1490.248832082693,6.0,3,2
Standard,973.3483233886117,5.0,0,2
Inactive,59.078104588826946,0.0,2,0
Premium,4189.244954205584,10.0,7,1
Standard,1098.0743238941982,3.0,5,0
Standard,2073.8064403070384,4.0,3,2
Basic,301.273132860089,3.0,3,1
Premium,5524.101983837638,13.0,6,0
Basic,374.2735276502703,3.0,1,0
Inactive,30.037921781044567,0.0,0,0
Standard,979.3447168920821,4.0,3,3
Basic,428.8329512758282,5.0,2,1
Inactive,56.396232695923565,0.0,1,0
Basic,512.1915751386603,1.0,1,2
Premium,5589.421722012822,10.0,7,0
Standard,793.6551231910194,6.0,3,1
Basic,502.73786912841695,1.0,3,1
Standard,1642.4132932195996,5.0,1,3
Basic,461.9655242827697,2.0,1,1
Inactive,28.629584918351224,0.0,0,0
Inactive,56.90828363287707,0.0,0,0
Standard,1384.7455002879074,8.0,1,1
Premium,4618.933275742951,4.0,6,1
Inactive,,0.0,3,0
Basic,678.5712477790223,2.0,2,0
Premium,5024.598968905381,12.0,3,1
Inactive,46.14092020800466,0.0,1,0
Basic,391.9786099759539,0.0,4,1
Standard,1712.1052508872817,5.0,3,3
Standard,1711.91120917518,8.0,0,0
Standard,1474.8766693854295,10.0,2,2
Premium,5074.248903313955,14.0,9,2
Standard,1641.26287702153,6.0,0,1
Basic,738.8037347864125,3.0,6,1
Premium,4706.131015340051,9.0,1,0
Standard,1832.3163287947345,7.0,2,0
Standard,1669.9806445178176,3.0,3,2
Standard,1305.256144572328,9.0,3,2
Inactive,42.03588152561554,0.0,4,0
Standard,1600.2472865619466,,3,4
Standard,1640.9920620995654,6.0,6,2
Basic,425.75147016379015,5.0,1,1
Standard,1236.1083201831193,3.0,4,2
Standard,1149.7442639769463,5.0,2,6
Standard,1743.259119828157,6.0,3,2
Premium,4799.254159196255,11.0,6,4
Premium,4762.774752265516,7.0,4,1
Standard,2060.7199511034783,3.0,6,3
Standard,1273.7105602178572,6.0,2,1
Inactive,47.10822566027891,0.0,0,0
Standard,1962.5917043515901,8.0,3,2
Standard,1659.102870501174,4.0,2,1
Basic,545.6738302520217,3.0,1,1
Premium,4888.487159366799,17.0,6,0
Basic,542.3054315693331,1.0,2,0
Premium,4497.831086853047,17.0,2,1
Inactive,52.53649370269924,0.0,4,0
Premium,5238.215083358562,11.0,3,1
Standard,1454.0218339802084,3.0,4,2
Premium,4418.530506573544,9.0,6,0
Inactive,42.851699036586,0.0,0,0
Standard,1888.0109662457012,4.0,4,3
Standard,1626.5801136520531,9.0,3,2
Premium,4990.340847864082,11.0,6,2
Basic,515.2445080300137,2.0,2,0
Standard,1280.7403139448838,4.0,5,2
Basic,478.6273127642306,1.0,1,2
Standard,1509.90699215791,7.0,4,2
Premium,5673.470622194498,9.0,5,1
Premium,5200.320819169919,4.0,7,1
Standard,1263.5771238288987,5.0,4,3
Standard,,8.0,2,4
Premium,4663.912404374976,9.0,4,0
Basic,729.8570573881433,0.0,4,1
Standard,1626.1610117712207,7.0,4,3
Standard,1749.98358513103,8.0,4,1
Standard,1679.4465742394118,4.0,4,1
Standard,1633.1957464681589,4.0,5,3
Standard,1415.847424612659,,1,2
Premium,4914.410315101801,15.0,3,0
Premium,4966.943803023996,10.0,9,2
Basic,749.628808217585,1.0,2,1
Inactive,40.47874884444266,0.0,1,0
Standard,1661.229777416409,10.0,1,1
Standard,1538.916914605012,3.0,3,1
Basic,234.79149212384044,2.0,3,3
Standard,1505.8637534394545,5.0,2,1
Premium,5664.897182602538,14.0,4,1
Premium,4162.209775187953,8.0,7,0
Basic,360.0321366970787,2.0,4,0
Basic,601.0209194237347,1.0,2,0
Premium,5043.553109652986,7.0,8,1
Standard,1197.6647184246947,2.0,0,0
Standard,1415.224985064905,4.0,6,4
Basic,436.60129570743175,1.0,2,1
Premium,,9.0,6,0
Premium,4965.126366309632,16.0,4,1
Basic,,3.0,2,0
Premium,5303.381075103203,9.0,6,0
Basic,504.6595139598397,3.0,4,3
Standard,1451.4698156502993,6.0,4,0
Premium,5711.976922770584,8.0,8,0
Standard,1924.1308944873776,3.0,3,0
Basic,182.42424680073253,1.0,2,0
Basic,498.46409032741633,5.0,2,2
Basic,550.6738873897982,1.0,3,0
Standard,1607.3783099954649,4.0,2,2
Basic,366.01257537224035,0.0,4,0
Standard,1489.7456013508531,4.0,9,1
Standard,1810.9154903791632,3.0,3,4
Basic,480.6643026844423,1.0,1,1
Premium,4599.888632300048,5.0,3,1
Premium,4723.653523108252,16.0,4,2
Standard,1614.3733965486297,6.0,2,4
Premium,4979.696884160735,4.0,6,2
Premium,5093.854724063963,7.0,5,2
Standard,1845.531440816062,7.0,4,3
Standard,1378.5974645417434,5.0,1,3
Basic,203.43302308183172,1.0,2,1
Basic,361.6473006407123,1.0,1,0
Standard,1254.1839508503629,10.0,2,4
Standard,1922.5858480337758,8.0,5,0
Standard,1462.276110751268,4.0,5,1
Standard,1366.8529560926004,5.0,1,1
Standard,1030.6638040128096,7.0,3,3
Basic,446.7577599889013,0.0,3,0
Standard,2238.225878612514,8.0,3,2
Standard,1385.611511758627,2.0,3,5
Standard,1590.540227103294,4.0,1,3
Standard,1529.8182268684288,4.0,6,0
Inactive,,0.0,2,0
Basic,475.7480109178257,6.0,2,2
Premium,4889.973246314153,13.0,3,1
Basic,528.0660650187638,1.0,3,2
Standard,1616.527384103252,5.0,0,3
Basic,572.7101971953385,2.0,3,2
Basic,,2.0,3,0
Standard,1185.923474967928,2.0,4,2
Premium,5338.9849854482645,7.0,5,2
Standard,1116.769018846397,6.0,3,2
Standard,1846.9744954782718,7.0,3,2
Basic,253.51983802151207,3.0,3,1
Standard,1107.9296313153845,6.0,7,1
Premium,5096.494820886464,9.0,2,0
Basic,751.4682442871995,4.0,2,0
Inactive,78.54017805398124,0.0,0,0
Standard,1611.4203257796705,7.0,3,2
Premium,4988.7952758009,8.0,5,0
Standard,1683.7200482394042,6.0,2,1
Premium,4155.982837401161,8.0,5,0
Inactive,37.98504138722865,0.0,0,0
Premium,4446.564854232972,7.0,4,0
Standard,1900.3518400013513,3.0,3,1
Standard,1666.7226534128677,4.0,5,3
Standard,,7.0,3,1
Basic,423.0223428614204,1.0,1,2
Basic,422.30519232582736,1.0,0,2
Standard,1366.9711745294894,6.0,6,2
Premium,4864.864816162695,15.0,4,2
Premium,5120.870404266288,8.0,7,0
Inactive,30.64269146229826,0.0,0,0
Basic,594.2495068612695,2.0,0,0
Standard,1607.148520843215,6.0,7,0
Basic,366.52328435882873,2.0,1,4
Basic,355.88306626326647,1.0,4,0
Premium,5031.691696318859,12.0,9,0
Inactive,35.4321937351658,0.0,0,0
Standard,1657.7811840763952,4.0,2,2
Standard,1573.1672824861353,8.0,1,1
Standard,1859.153559438574,7.0,4,3
Premium,4614.478921429398,13.0,5,0
Premium,5411.711592281155,7.0,3,1
Basic,641.8450141351444,0.0,0,0
Premium,5433.676689459438,4.0,8,0
Basic,649.6816723691383,2.0,1,0
Standard,1723.8881579665363,6.0,2,1
Standard,1546.8983746563308,2.0,4,1
Standard,1130.231831252796,9.0,3,5
Standard,2056.3300300085484,3.0,3,2
Basic,584.4365990427627,3.0,1,1
Standard,1467.7665354617252,6.0,2,0
Standard,1537.4320463733468,5.0,4,1
Standard,1448.9146404522596,4.0,3,2
Basic,324.60271023702967,1.0,2,1
Inactive,46.99704335965122,0.0,1,0
Basic,190.97021791749506,2.0,1,0
Standard,1602.576483176791,6.0,5,4
Premium,5326.514776647765,13.0,2,0
Standard,1273.685142190709,7.0,2,1
Standard,1399.6188436409113,6.0,5,2
Premium,5282.81645094336,14.0,8,2
Standard,1882.3959372115023,2.0,3,2
Standard,1777.4165416540263,4.0,4,4
Standard,1373.6908962412515,9.0,0,1
Basic,275.3676558259758,1.0,0,1
Premium,4992.865411202721,,6,1
Premium,4901.75414996037,17.0,3,0
Basic,539.5961464154237,2.0,4,4
Standard,1114.8438339424083,1.0,0,1
Basic,372.3448217435649,2.0,0,1
Standard,1179.017234581465,9.0,7,2
Standard,1329.9560046592983,,5,7
Basic,621.6370658923545,1.0,2,0
Basic,311.09430875510554,1.0,0,2
Basic,439.366506443722,0.0,2,0
Standard,1685.2285892781974,6.0,1,2
Standard,1297.9757281320383,5.0,1,0
Standard,2027.4208082186474,4.0,3,1
Premium,5280.340330045025,17.0,2,3
Inactive,34.184665734899,0.0,0,0
Premium,5436.697768208642,7.0,3,1
Inactive,31.563526873595727,0.0,0,0
Standard,1529.9964491296655,2.0,4,3
Premium,4154.149088702503,10.0,1,0
Standard,1297.6962520211102,8.0,5,1
Basic,937.5549156812984,5.0,2,0
Basic,571.8270301748864,1.0,2,1
Basic,547.328441138038,3.0,2,0
Basic,492.8211608520864,0.0,2,2
Basic,658.2338618827621,2.0,3,0
Basic,641.6063222223627,1.0,1,0
Standard,1254.1975221796279,4.0,4,1
Standard,1847.5415989419982,7.0,5,1
Standard,1197.5680479718717,1.0,4,0
Inactive,51.699459252716544,0.0,1,0
Inactive,74.94607301329356,0.0,2,0
Premium,,10.0,4,0
Basic,650.7738660035134,2.0,3,1
Inactive,48.943565209448444,0.0,0,0
Premium,5051.620829349543,14.0,6,0
Standard,909.0309619678204,6.0,4,1
Inactive,29.21256788138041,0.0,1,0
Premium,4565.859634100019,9.0,7,1
Basic,635.8468854955695,3.0,1,1
Standard,1545.6959379613672,4.0,1,2
Inactive,53.882643040112875,0.0,1,0
Inactive,24.22816583244815,0.0,0,0
Inactive,40.256656339417106,0.0,0,0
Standard,834.7172759543956,5.0,1,1
Basic,378.9844321996221,4.0,5,0
Basic,488.3775838502171,1.0,3,1
Standard,1650.7464970866306,7.0,4,2
Basic,559.0713256986896,1.0,0,1
Premium,5649.935621765302,11.0,5,0
Standard,1285.7874768667634,2.0,2,2
Standard,1263.6832700203443,7.0,3,1
Premium,5113.146133621718,9.0,3,0
Premium,5045.291961740749,13.0,6,2
Basic,612.8957801718856,1.0,1,3
Standard,1615.3103149550418,4.0,2,3
Basic,236.76047103256275,1.0,2,1
Premium,5260.607895594362,13.0,4,1
Standard,874.7005135971599,5.0,4,4
Standard,1651.6523272775387,3.0,2,2
Basic,497.0727795872447,1.0,4,1
Standard,1344.5597829999429,,2,1
Basic,419.2644304887816,3.0,2,1
Basic,497.1259253627537,3.0,2,2
Basic,421.35775855125576,0.0,1,3
Standard,1966.92481067153,9.0,2,3
Premium,5466.447677596904,,4,2
Basic,584.9753682582827,2.0,0,0
Premium,4846.155281746549,9.0,8,1
Basic,492.9434827552278,0.0,1,1
Standard,1936.2930305389473,5.0,3,2
Inactive,42.1905000611222,0.0,0,0
Basic,699.6497823694547,1.0,1,2
Inactive,48.548670260816195,0.0,1,0
Standard,1245.0275241719623,6.0,5,2
Basic,441.678532181094,0.0,2,0
Standard,1690.0940892214164,5.0,2,3
Standard,1405.2725975348717,5.0,3,6
Basic,496.5551149528324,3.0,1,0
Basic,608.9359809906447,0.0,2,0
Inactive,30.728171899585586,0.0,3,0
Basic,,3.0,3,1
Standard,1642.0010026664902,3.0,2,1
Standard,2150.781220537705,2.0,4,0
Basic,475.1478006632947,0.0,2,2
Standard,1618.7295454575371,5.0,2,3
Premium,5053.238152252414,6.0,4,2
Standard,1164.9177347692907,8.0,4,2
Standard,1185.6675161582702,5.0,2,2
Standard,1350.7877551049135,6.0,5,1
Standard,1744.0113067888271,6.0,5,0
Premium,4702.663506418916,10.0,1,2
Premium,4788.715790489391,15.0,7,0
Inactive,48.88207066772809,0.0,0,0
Standard,1476.4227612093541,10.0,1,2
Standard,1710.5116190368653,7.0,5,1
Basic,518.7928194918035,1.0,2,1
Standard,1549.1772190780289,6.0,2,4
Inactive,35.146816684552434,0.0,1,0
Basic,468.5138313338058,2.0,1,1
Premium,5175.907725456948,13.0,5,0
Standard,1446.4875241175182,7.0,1,1
Basic,367.76880918892505,0.0,1,0
Inactive,81.14780315299333,0.0,1,0
Standard,1187.190777245014,12.0,3,2
Basic,683.1128904882106,0.0,2,2
Premium,5869.399180475434,7.0,2,2
Inactive,58.80988992326675,0.0,2,0
Standard,1477.4918998809596,8.0,3,2
Inactive,14.565400697687096,0.0,0,0
Basic,551.3620371152485,1.0,1,1
Basic,301.2077942071338,3.0,2,1
Standard,1903.8310271587443,4.0,5,3
Standard,1467.604894196217,9.0,1,1
Premium,4943.509438446695,10.0,5,4
Standard,1274.2433656254464,3.0,3,3
Premium,5076.874764404239,4.0,2,0
Basic,617.4210237488635,5.0,4,0
Standard,1777.2033171771518,5.0,1,4
Premium,6357.408469743161,10.0,0,0
Inactive,80.03758267592637,0.0,0,0
Basic,358.3134920118637,5.0,2,2
Inactive,63.11767981382779,0.0,0,0
Inactive,75.94595067851091,0.0,2,0
Premium,4960.3119299898435,17.0,6,1
Standard,1408.5996498733032,4.0,1,4
Basic,593.0751348648744,4.0,3,0
Basic,606.23993294861,1.0,2,1
Premium,5387.837649807845,7.0,3,0
Basic,421.4443575665712,4.0,0,1
Standard,1090.2612215847166,1.0,5,1
Standard,1409.8291828244253,7.0,3,1
Standard,1365.9067341581876,3.0,2,3
Standard,1685.665445359528,10.0,5,3
Standard,1837.4961319140493,6.0,2,3
Premium,4960.834575534921,10.0,4,2
Basic,422.67960903742113,5.0,3,1
Standard,1241.566971160714,5.0,4,1
Premium,5048.744469511848,14.0,7,1
Basic,322.3668659159283,0.0,4,0
Inactive,40.0261715038061,0.0,1,0
Basic,590.7699523638424,1.0,2,1
Basic,457.9575930384229,3.0,1,1
Basic,390.9203827110388,1.0,2,2
Standard,1454.94730458153,5.0,3,1
Premium,5505.531543946451,,5,0
Standard,1475.1300027848524,8.0,3,3
Standard,1964.4223195632323,4.0,2,1
Standard,1479.5931327885364,6.0,4,2
Basic,463.5907116033457,3.0,4,3
Standard,1536.818672311645,4.0,1,3
Premium,4593.093179035535,13.0,7,0
Standard,1554.140442549362,10.0,3,3
Basic,626.5927100778397,2.0,2,2
Premium,4858.1568895364135,12.0,5,2
Basic,403.7876314964849,4.0,3,3
Standard,1833.2033052162276,7.0,5,1
Standard,1346.7426973192848,4.0,2,4
Standard,1928.145074389032,4.0,4,4
Basic,239.67686972485325,0.0,1,1
Standard,1436.1352752268065,5.0,2,3
Basic,615.2923156500442,2.0,1,1
Standard,1510.8922025224679,7.0,1,2
Standard,1537.6526623446562,,2,2
Basic,288.26364723124055,2.0,0,2
Basic,688.8974869842576,2.0,6,2
Basic,507.99180658473045,0.0,3,1
Basic,423.7955960836329,1.0,4,0
Basic,622.2311176812154,2.0,3,1
Basic,301.2264267203357,2.0,2,0
Basic,815.7629959001754,1.0,0,1
Basic,677.4350734081286,3.0,2,1
Basic,576.0464518742212,1.0,1,2
Basic,250.81933922241163,3.0,4,1
Basic,732.4727909492509,1.0,2,1
Premium,4893.114875968826,7.0,4,2
Basic,349.5047253536755,2.0,3,0
Basic,449.0024416472721,0.0,1,0
Premium,5976.472276999753,,1,0
Basic,599.1854522172288,3.0,0,0
Premium,4547.524255543428,10.0,5,2
Standard,1520.462034780851,5.0,2,1
Basic,622.6988148886005,5.0,1,0
Premium,4960.075423256102,9.0,8,1
Basic,408.25922806931226,2.0,2,0
Basic,759.3951299067135,2.0,1,1
Standard,1052.676022916558,6.0,8,3
Premium,5066.72163952199,7.0,3,0
Standard,1401.808790617686,,5,2
Basic,615.1906495274806,0.0,1,1
Inactive,39.472182697786444,0.0,1,0
Basic,712.8301384703318,1.0,4,1
Standard,1108.7134013091766,2.0,3,2
Basic,550.5354895964924,0.0,3,1
Standard,1635.6823132945738,2.0,1,0
Basic,349.29106585318175,,0,2
Premium,5164.625031079667,8.0,4,0
Basic,540.3216795773063,1.0,2,1
Standard,1191.5754720470486,3.0,1,1
Inactive,47.30019544045877,0.0,1,0
Standard,1284.708258716838,3.0,4,2
Basic,865.9811700478252,1.0,3,0
Inactive,56.0248496018278,0.0,2,0
Premium,4812.035877264322,8.0,10,2
Inactive,55.22369082559257,0.0,1,0
Basic,586.5893550801379,1.0,2,1
Premium,4274.543535702994,6.0,4,1
Standard,1505.3496763589274,3.0,1,2
Basic,505.63502880608786,3.0,2,0
Premium,4598.410027101015,9.0,6,1
Standard,1253.726052548148,4.0,2,3
Standard,1343.243721177109,4.0,0,1
Basic,282.3344020299892,3.0,2,1
Premium,4211.096797370176,10.0,4,1
Basic,799.6250139769511,0.0,1,3
Inactive,59.95460219117984,0.0,2,0
Inactive,39.413089526613376,0.0,1,0
Basic,289.4575683392285,1.0,1,0
Premium,5474.631587141154,11.0,10,2
Basic,548.8526787816239,5.0,3,2
Premium,5294.081654706011,7.0,5,2
Premium,5379.687749694726,11.0,4,1
Standard,1263.7345593110335,6.0,1,1
Standard,1564.3585708491755,,4,1
Basic,433.83122012058385,3.0,4,1
Basic,477.5182949716748,0.0,1,2
Standard,1833.6877349675183,5.0,2,3
Standard,1433.474394597777,7.0,4,3
Inactive,17.042262122863114,0.0,1,0
Standard,1153.1617898546904,7.0,3,3
Standard,1167.3705313785015,4.0,4,1
Premium,4962.05060746017,10.0,5,1
Basic,512.0479358937818,2.0,2,2
Basic,429.8303804035799,4.0,2,2
Standard,,5.0,4,2
Premium,5649.167244887709,10.0,5,0
Basic,336.8782747831448,5.0,3,0
Basic,,3.0,0,1
Standard,1283.0780685263567,1.0,4,4
Inactive,63.398855523212426,0.0,0,0
Premium,5126.943595332798,8.0,6,3
Standard,1488.0507014148059,2.0,7,2
Inactive,77.7526176156809,0.0,0,0
Standard,893.6993037371269,5.0,2,5
Basic,525.4917066577224,1.0,1,1
Standard,1521.4274941310416,5.0,3,3
Standard,1436.0214167961058,7.0,4,4
Inactive,44.5223177365116,0.0,0,0
Standard,2016.3507386277793,8.0,0,1
Basic,575.9580120849342,3.0,4,0
Standard,1701.2061512178698,1.0,3,2
Standard,1056.2076761449832,5.0,0,1
Premium,4540.286319601732,11.0,7,1
Basic,611.0631821071627,1.0,2,1
Standard,1700.9653470647222,5.0,2,1
Basic,450.69127805505633,1.0,2,1
Standard,1077.9568366185385,1.0,1,3
Inactive,49.39968535904195,0.0,1,0
Premium,4674.050203062478,7.0,7,1
Basic,567.8591724935554,4.0,0,0
Basic,534.5408469882605,2.0,4,0
Basic,566.9960752483079,0.0,1,2
Basic,231.70096135509885,1.0,0,0
Basic,599.1085736688482,1.0,1,1
Basic,535.109196634147,2.0,1,0
Premium,4298.9907521760615,13.0,4,1
Premium,4903.1988019963,11.0,3,1
Inactive,80.52431917592557,0.0,1,0
Basic,615.1263622725946,2.0,1,3
Basic,359.01991699677785,2.0,2,0
Standard,1184.0180098139494,10.0,3,1
Premium,4523.287849588749,15.0,3,1
Premium,5225.953098816668,7.0,5,0
Basic,572.8620721183189,2.0,0,0
Standard,2132.0820546789555,2.0,2,2
Standard,1725.6139150856488,4.0,3,0
Standard,1506.1505188103006,3.0,1,1
Premium,4674.60317246577,13.0,8,1
Standard,,5.0,2,1
Standard,1169.1670878539044,5.0,2,4
Basic,434.77690807008287,1.0,1,2
Standard,1525.870462589159,7.0,2,4
Standard,1294.7155390722876,7.0,4,3
Premium,5837.959393804688,10.0,3,1
Premium,5280.380634002787,3.0,10,1
Standard,2069.8151282903837,6.0,5,0
Standard,1514.9983281360921,4.0,4,5
Basic,491.6380732814205,0.0,0,0
Standard,1442.1123442299893,2.0,1,0
Basic,575.3352080527961,3.0,1,1
Basic,,2.0,7,2
Basic,130.93462668556919,3.0,1,1
Premium,4929.911035087328,10.0,2,0
Standard,1444.8034019691108,5.0,5,3
Premium,5252.769438451604,7.0,5,3
Standard,1706.3291545685306,8.0,1,1
Inactive,69.90605801058446,0.0,1,0
Premium,4344.323054040057,14.0,8,1
Standard,941.5369415515058,6.0,5,0
Basic,527.5181339708349,3.0,4,2
Basic,592.9023943152048,3.0,1,1
Standard,1842.2687931450823,7.0,0,2
Premium,4318.06603318533,5.0,1,1
Standard,1634.6828154578993,6.0,2,3
Standard,2024.4406717572854,3.0,2,0
Premium,5714.759829262996,16.0,7,3
Standard,1409.072184092482,4.0,4,2
Premium,5264.2564404029745,14.0,6,1
Premium,4743.201474782329,11.0,3,2
Standard,1281.9184207283918,10.0,1,2
Premium,4695.800843451099,11.0,7,3
Standard,834.8055646017933,2.0,2,3
Basic,552.9429627220628,3.0,2,0
Basic,740.9390571090009,1.0,0,2
Standard,1157.8662639689842,3.0,3,4
Premium,5048.708671532157,8.0,4,1
Premium,4870.156568279465,20.0,8,2
Basic,697.2110397231968,4.0,3,0
Basic,644.024584520841,3.0,3,2
Premium,5513.7763568375785,12.0,4,1
Inactive,24.574315017717957,0.0,4,0
Premium,4885.819603671181,7.0,2,1
Standard,1569.4623206441418,2.0,3,1
Basic,430.6056085110664,0.0,2,1
Basic,568.2763504803237,0.0,2,3
Basic,258.34958481722487,0.0,2,0
Basic,362.01527443307697,3.0,1,1
Standard,1147.131224298754,6.0,3,2
Basic,407.6396499542666,3.0,1,3
Premium,4846.319379326075,12.0,3,1
Basic,327.57685451322766,4.0,1,0
Standard,1179.5808457311482,7.0,8,1
Basic,445.60070429658816,2.0,3,1
Standard,2100.045753747873,5.0,4,1
Basic,577.3186546887254,1.0,4,1
Standard,2150.20811362296,5.0,0,2
Basic,665.0992771324999,1.0,5,1
Premium,5233.632087516931,8.0,4,1
Premium,5817.649300658302,8.0,8,0
Standard,1682.9727367963933,3.0,1,1
Premium,4927.756079277785,14.0,5,1
Basic,310.2181946002705,,3,1
Standard,2065.736554945658,6.0,4,2
Inactive,54.90553864435215,0.0,1,0
Standard,1163.4095640151754,10.0,2,1
Premium,5672.937501588858,1.0,4,3
Basic,592.7693588582327,3.0,4,1
Basic,416.53013332250356,2.0,3,2
Standard,1655.163064847688,3.0,3,6
Standard,1968.0115796575064,5.0,4,3
Basic,317.41341595592985,3.0,1,0
Standard,1527.9063864664295,9.0,4,1
Inactive,68.3519854051926,0.0,2,0
Inactive,21.27879010327334,0.0,0,0
Basic,519.9703469374858,1.0,1,0
Premium,6098.741860527291,6.0,7,2
Basic,680.294995177744,1.0,1,4
Premium,4781.088837784838,8.0,5,3
Premium,4125.982731431997,14.0,3,0
Standard,1911.3296441735765,7.0,2,3
Standard,1505.3909745049411,5.0,4,1
Basic,519.7625164620938,2.0,2,3
Basic,554.3676302938416,4.0,1,2
Basic,473.7933443105038,1.0,3,0
Standard,1126.0979119137378,5.0,2,4
Standard,1566.1820768876646,10.0,4,3
Standard,1449.3926895053621,6.0,4,2
Inactive,19.898682861925906,0.0,1,0
Premium,4496.0188825431815,12.0,13,0
Basic,541.06878879293,2.0,1,1
Standard,1339.0338737588918,8.0,2,4
Standard,1366.3587339699384,6.0,1,1
Basic,535.1956993912002,3.0,2,0
Standard,1578.1968464115607,9.0,2,3
Basic,697.6311228526099,4.0,2,2
Inactive,33.48425749490986,0.0,0,0
Standard,1727.8326521467748,4.0,2,5
Standard,1582.2011707328274,3.0,2,2
Standard,1718.9496338521926,6.0,6,6
Inactive,32.281301490697786,0.0,1,0
Standard,1732.8880772241966,9.0,9,1
Basic,234.3414796494227,5.0,1,2
Basic,394.45154340273757,1.0,2,0
Basic,,1.0,4,0
Premium,4895.013019313237,10.0,6,1
Basic,264.4645018877233,0.0,4,2
Inactive,74.64567659021662,,0,0
Premium,5908.396618331186,12.0,6,1
Standard,1904.3034256537871,3.0,5,3
Inactive,66.37728131170212,0.0,1,0
Premium,5394.913035208843,,4,2
Basic,303.95218112961095,3.0,1,0
Standard,1286.2202754264622,6.0,3,5
Standard,1377.0921371119953,2.0,1,1
Basic,733.3422442194088,0.0,2,2
Standard,1496.7296606988855,4.0,1,3
Standard,2035.6760107428217,6.0,1,1
Standard,1798.1916192226436,6.0,4,1
Standard,1697.2901073023072,6.0,6,1
Premium,4427.211232282622,13.0,7,2
Standard,1769.9360552289054,,3,3
Inactive,30.037986795289363,0.0,1,0
Standard,1492.0755002738863,3.0,6,2
Basic,556.6823423421847,2.0,0,1
Standard,1440.8129732639793,7.0,1,2
Basic,361.5534652438859,3.0,0,1
Premium,5046.953240830225,7.0,4,1
Inactive,36.25291131283413,0.0,1,0
Standard,1829.470741057028,2.0,4,1
Standard,1379.385209917563,5.0,2,3
Premium,5372.593440946914,16.0,5,1
Premium,4640.120577636558,10.0,9,2
Standard,1449.5757046785552,8.0,7,4
Standard,1226.6159829291123,,5,8
Basic,469.2061217557229,0.0,2,0
Standard,1538.8339927642332,4.0,3,3
Standard,1427.2450651421934,4.0,4,1
Basic,394.9209514083451,2.0,0,0
Basic,473.2090346885163,3.0,3,0
Premium,5273.768109640997,10.0,9,0
Premium,5065.810344494466,10.0,3,2
Premium,4549.260105570784,7.0,4,0
Basic,694.9878467092717,5.0,0,1
Basic,910.3940239075232,0.0,2,1
Standard,1670.6309086018346,4.0,3,2
Basic,649.3932392339609,1.0,2,1
Basic,610.434116774769,4.0,2,2
Standard,1628.0951051586298,5.0,3,2
Basic,401.8152587606404,2.0,3,0
Standard,2136.2498986002106,5.0,0,3
Premium,4863.257883347519,6.0,4,0
Standard,1721.9277872091807,4.0,2,0
Premium,5742.608292073559,13.0,8,0
Standard,1415.2172197526322,2.0,2,2
Inactive,53.25210690100076,0.0,2,0
Premium,5230.0113493971585,11.0,7,1
Premium,5125.710803702324,8.0,2,1
Standard,2178.7706425005954,6.0,2,2
Inactive,39.905690763296974,0.0,0,0
Standard,1495.2936099729186,,4,3
Standard,1418.6670922059616,8.0,6,1
Premium,4882.009950566527,10.0,5,0
Premium,4755.027989513019,8.0,5,1
Inactive,80.13169692267148,0.0,1,0
Inactive,52.83409433307863,0.0,3,0
Premium,4657.6419228259665,14.0,4,2
Inactive,56.228841692580005,0.0,1,0
Basic,310.24716075298045,0.0,2,0
Basic,478.77856948016046,2.0,1,2
Standard,1873.6670444050876,2.0,4,6
Standard,1324.6770675935284,5.0,3,1
Standard,1757.8171493459554,5.0,0,2
Basic,455.8988358301433,3.0,1,1
Premium,5142.435508705422,7.0,4,1
Premium,5852.023239910958,12.0,4,1
Standard,2015.294306004242,10.0,3,4
Basic,551.1769443505035,3.0,0,1
Standard,1706.5309559624006,10.0,6,3
Basic,550.9674533208845,0.0,2,2
Inactive,64.96561294297196,0.0,1,0
Premium,5160.968222094819,9.0,13,2
Basic,523.8024985428093,2.0,3,0
Standard,1381.1748101762194,4.0,3,2
Basic,521.4930007823039,1.0,2,0
Premium,4621.609816489567,9.0,2,1
Basic,475.5636265571027,7.0,1,2
Basic,370.0495074218207,2.0,3,1
Inactive,44.071009708038844,0.0,0,0
Basic,611.1088524473962,2.0,2,2
Standard,1453.30273851303,4.0,7,2
Basic,637.5010567770776,3.0,0,2
Basic,726.8548696056904,2.0,0,0
Standard,1152.4292527361008,2.0,3,2
Premium,5809.03424058302,12.0,5,2
Inactive,89.86767001164827,0.0,1,0
Basic,765.9475778145534,2.0,0,1
Basic,603.3810304473615,3.0,4,0
Standard,1958.1039783677977,4.0,1,2
Basic,585.5194918276768,0.0,2,1
Standard,1334.1285184887602,4.0,1,2
Basic,427.039172026188,1.0,5,1
Premium,5902.127568538946,12.0,4,0
Basic,320.535769234819,3.0,2,2
Inactive,74.97182272498705,0.0,1,0
Premium,4927.327342756131,18.0,5,1
Inactive,46.77983667610598,0.0,0,0
Standard,2029.0456822253234,6.0,3,2
Basic,371.17335825515613,1.0,0,2
Basic,337.67627962580076,,3,1
Standard,1910.2317129489181,11.0,2,1
Basic,478.9570237477725,0.0,2,0
Basic,328.13925754219224,5.0,5,0
Standard,1127.404392015552,5.0,4,1
Standard,1009.4202342030394,2.0,4,0
Basic,703.4069519947163,4.0,6,3
Basic,747.3786985001693,1.0,2,0
Basic,629.1365156812194,2.0,2,1
Basic,723.8396764212588,1.0,3,0
Standard,1423.9078638322494,3.0,2,2
Basic,439.8319540743636,1.0,2,1
Premium,6035.5662968803845,11.0,7,1
Standard,1899.1030522469157,7.0,3,5
Premium,5943.929493979319,6.0,8,1
Standard,1778.0651251664929,6.0,1,3
Standard,,4.0,2,2
Standard,1405.2729488342434,9.0,1,3
Basic,590.2162390415912,1.0,5,1
Standard,1600.151285723209,5.0,4,0
Standard,1652.9475544821958,4.0,5,1
Standard,1860.9638346876857,3.0,3,0
Standard,1335.133681242124,8.0,6,1
Standard,1200.0770845064378,6.0,4,4
Premium,6017.944321750378,10.0,5,0
Basic,602.6634080065588,5.0,3,1
Basic,599.019736917626,6.0,1,4
Basic,617.0236575884994,0.0,0,0
Standard,1939.4598319514453,5.0,5,2
Standard,1365.2879421802559,3.0,7,2
Basic,635.7984644112928,6.0,1,0
Standard,1505.7610262896642,10.0,3,1
Standard,1044.8238418283684,3.0,2,2
Premium,5307.399205180026,12.0,6,2
Standard,1021.8822432134689,9.0,1,3
Standard,2093.613205271406,11.0,4,0
Standard,1082.945254382615,5.0,1,0
Standard,1402.9052865872518,12.0,3,2
Standard,1431.9920190303842,11.0,2,1
Basic,252.24747672635058,1.0,1,0
Basic,421.8248949487778,2.0,1,0
Basic,417.7404818283226,2.0,2,0
Basic,539.9322890229361,2.0,5,0
Inactive,,0.0,1,0
Premium,,12.0,4,2
Premium,5641.42377652301,13.0,7,3
Premium,4877.649171635713,3.0,3,1
Basic,499.87166006449434,2.0,2,1
Basic,623.6910937883042,0.0,4,2
Standard,1593.4902896422275,7.0,3,0
Inactive,62.90593916862086,0.0,0,0
Premium,4284.13515173763,10.0,7,2
Inactive,106.48334018805458,0.0,1,0
Standard,1773.9107953938785,2.0,1,3
Premium,5192.705088466024,7.0,4,0
Standard,1400.9841794267998,5.0,1,0
Standard,1966.4888183177295,1.0,2,0
Standard,1557.8609029494396,5.0,0,4
Standard,1768.3774447707692,4.0,2,2
Basic,439.3306568113845,1.0,1,4
Standard,1106.1261069725283,3.0,3,1
Standard,,3.0,4,0
Basic,309.99189468026384,3.0,3,3
Basic,441.99431880868343,1.0,2,0
Standard,1595.7965658218811,6.0,1,3
Standard,831.1273277664368,4.0,2,3
Premium,5366.1090365454975,16.0,6,1
Premium,5486.064065950047,11.0,5,1
Basic,672.7978348771185,2.0,1,0
Premium,5333.890780298093,9.0,3,1
Standard,1124.5425737353967,6.0,1,3
Basic,545.8940036656754,1.0,3,2
Premium,5647.998835319895,8.0,1,0
Standard,1952.3123097940095,6.0,2,3
Standard,1377.3982962881876,6.0,3,1
Inactive,83.43671717488778,0.0,1,0
Standard,1640.9808699238185,4.0,5,4
Basic,325.399263499497,2.0,1,2
Standard,1463.652585242787,3.0,5,1
Premium,5402.184264968968,11.0,8,5
Basic,485.61930406062044,2.0,3,2
Inactive,57.28852154270696,0.0,0,0
Basic,750.387041356475,2.0,2,0
Basic,546.2192504804757,0.0,6,0
Basic,488.42295858294557,1.0,1,0
Standard,,10.0,5,0
Standard,1558.2063013517397,6.0,1,4
Basic,390.96659251929316,0.0,3,2
Standard,1813.5622746096751,3.0,6,3
Basic,702.4170023807026,2.0,4,0
Inactive,59.02087267491782,0.0,0,0
Standard,1520.3123430047858,,3,2
Standard,938.9816703943878,6.0,4,2
Basic,453.99685454348355,0.0,4,0
Standard,1946.6835180349003,5.0,3,2
Basic,460.094412328438,4.0,3,0
Standard,1300.83314831605,4.0,1,2
Basic,550.1492380300286,2.0,2,0
Premium,4568.236968477664,13.0,6,1
Basic,265.54716480553253,0.0,5,3
Standard,1122.647833198404,2.0,5,2
Standard,1528.5910197460853,4.0,4,2
Premium,5390.504477303576,7.0,4,2
Basic,791.6073013531852,0.0,2,0
Basic,493.30230483070653,1.0,2,1
Standard,1348.2280993707866,6.0,3,2
Premium,6272.517761701802,15.0,4,0
Premium,5052.83736264042,9.0,3,2
Basic,499.1566123360609,4.0,0,0
Basic,703.6676828087107,1.0,4,0
Standard,1285.9494675008414,4.0,3,3
Standard,1404.5457847419952,5.0,4,1
Standard,1420.1949913318958,8.0,2,3
Standard,1485.0093627568401,8.0,0,3
Standard,1482.9341551372318,6.0,1,0
Inactive,,0.0,0,0
Premium,4667.719296267602,11.0,7,1
Basic,514.8236067524648,1.0,1,1
Standard,1263.6725227138681,3.0,3,2
Standard,1494.4029618667123,7.0,3,6
Basic,815.0593416433505,2.0,3,1
Basic,671.3674344502642,3.0,2,1
Inactive,30.337137474662967,0.0,2,0
Premium,3798.380104509344,10.0,4,1
Premium,5221.808400320694,9.0,5,2
Basic,559.1898403037396,2.0,2,2
Standard,1402.9447669672832,7.0,5,4
Standard,1647.0567822419446,6.0,2,6
Premium,4900.607009385734,6.0,1,1
Premium,5025.2355268417305,8.0,2,3
Basic,389.6219636131459,4.0,3,0
Premium,4193.460923162094,6.0,5,0
Standard,1366.5712255998753,7.0,2,2
Standard,1426.6800493387468,2.0,1,2
Standard,1666.757537795222,6.0,4,1
Premium,5795.607645441147,4.0,8,0
Standard,1662.8324021737685,4.0,5,1
Premium,5808.320589494448,17.0,7,0
Basic,96.40904179730347,2.0,0,1
Standard,1944.733208626391,6.0,1,4
Standard,1781.396880087402,8.0,3,1
Basic,581.2298744683169,1.0,4,1
Basic,384.2518109192082,1.0,1,0
Standard,1581.0996249483999,5.0,3,0
Standard,1634.0135697812748,3.0,2,2
Standard,1692.636301162975,4.0,3,4
Basic,386.0522358749933,1.0,4,2
Inactive,68.68548035273093,0.0,1,0
Basic,292.7055822519493,1.0,3,0
Standard,1912.6705173591997,5.0,2,3
Basic,438.5144715808244,,3,1
Standard,1167.0481532190279,9.0,4,4
Premium,4498.106092268182,11.0,4,0
Standard,1345.7193085288077,1.0,1,3
Inactive,67.99658992265914,0.0,1,0
Premium,5556.0303400165785,16.0,3,0
Basic,750.7031126139692,2.0,2,0
Standard,1667.9435285792283,9.0,0,1
Standard,1542.7864178006648,2.0,3,3
Premium,4706.692132220123,12.0,4,2
Standard,1305.4755573123562,5.0,5,1
Basic,390.88014406494915,3.0,4,2
Standard,1133.8757367566745,4.0,4,0
Basic,343.1818238180134,4.0,1,1
Basic,350.4922384787528,3.0,2,2
Inactive,51.331776538058435,0.0,2,0
Standard,1518.5364810688945,4.0,5,1
Standard,1582.354196247985,,6,1
Premium,4908.538350793705,10.0,4,2
Inactive,53.905933119137046,0.0,1,0
Inactive,20.460622768506287,0.0,0,0
Standard,1711.0480568133516,6.0,1,3
Basic,649.1615421826446,4.0,1,3
Standard,1289.1501561193677,6.0,4,3
Basic,485.86342347128726,2.0,1,2
Premium,4898.904832306191,13.0,7,0
Basic,359.44134853007995,2.0,3,0
Premium,4502.596953195107,9.0,10,0
Basic,475.08533554743474,4.0,4,2
Basic,509.9412106016352,1.0,0,0
Basic,617.7333031241278,4.0,3,0
Premium,4694.085591630049,8.0,3,4
Standard,1256.2855935929883,6.0,2,0
Standard,1647.8146258384204,3.0,1,3
Standard,1408.7804225802727,3.0,4,3
Premium,5782.1451317635065,18.0,2,1
Inactive,63.414366448715484,0.0,0,0
Standard,688.152900068519,4.0,4,1
Standard,1345.540226893079,8.0,6,1
Standard,1336.7203505710047,1.0,2,1
Standard,1562.3647285899983,6.0,1,3
Basic,401.57138950457687,0.0,1,2
Standard,1590.667213427353,6.0,0,5
Inactive,66.46495003425036,0.0,0,0
Standard,1666.4196650967583,,6,1
Inactive,60.65262268754127,0.0,2,0
Basic,499.1146636519174,4.0,1,1
Standard,1775.1954683630083,5.0,5,0
Inactive,50.0301879835643,0.0,7,0
Premium,4851.665631662764,19.0,4,0
Basic,350.428467982147,2.0,1,2
Standard,1128.7938929882496,5.0,3,5
Basic,420.08101803793295,0.0,2,1
Basic,364.8782388482954,1.0,1,1
Basic,452.13559486234647,2.0,3,4
Basic,639.3276869075336,4.0,5,2
Standard,1126.1011566754726,4.0,4,2
Premium,5182.414394471082,10.0,4,0
Standard,1661.6222777027847,8.0,4,2
Premium,5414.636843283233,14.0,4,0
Basic,523.2275672465576,3.0,1,1
Standard,1279.1804344378052,4.0,3,3
Inactive,7.53242923203544,0.0,2,0
Basic,636.2621358629243,4.0,1,0
Basic,606.6161037762791,1.0,4,1
Premium,4521.688183946152,12.0,4,2
Basic,446.6483979127932,2.0,6,1
Inactive,74.23908105329633,0.0,1,0
Standard,1282.2497087587626,8.0,2,4
Basic,553.0519063836572,1.0,2,0
Basic,607.5091471576014,5.0,0,1
Premium,5244.567243537268,7.0,6,1
Standard,1440.5925303123895,5.0,2,2
Standard,2035.3906820849318,9.0,5,3
Premium,5201.35909463491,15.0,2,0
Standard,1855.4953342800948,3.0,2,6
Premium,5908.655409862804,7.0,11,3
Premium,4927.706616336776,11.0,6,1
Premium,,13.0,7,0
Inactive,26.483780393216044,0.0,1,0
Standard,1454.8249354875215,5.0,3,0
Inactive,58.29401027967891,0.0,1,0
Standard,1197.2891508994508,2.0,4,2
Standard,1600.5378399220992,6.0,0,1
Standard,1609.3805411114495,8.0,4,1
Standard,1073.2099592356788,8.0,4,2
Premium,6226.969336462695,7.0,2,0
Basic,424.3052016224615,3.0,2,3
Standard,1553.4567816065448,5.0,1,3
Basic,759.5175153813259,0.0,0,1
Basic,248.03820102215064,1.0,1,1
Premium,5665.401957819931,8.0,8,2
Premium,4830.33207779197,9.0,5,1
Basic,534.0970693238477,3.0,4,1
Standard,1172.8823403577685,5.0,2,2
Premium,5217.279773456699,11.0,3,1
Inactive,43.24998230022168,0.0,0,0
Premium,,4.0,3,0
Basic,462.6318494766922,2.0,3,3
Inactive,51.22687328481727,0.0,2,0
Standard,1406.3605897376137,4.0,5,5
Premium,5221.281214511404,9.0,3,3
Premium,5435.676837865509,12.0,4,0
Standard,1696.788165642412,3.0,1,0
Premium,4999.2140963134025,10.0,3,1
Basic,593.0689703693505,3.0,4,2
Premium,4908.598724133669,11.0,5,2
Standard,1425.9788158339575,5.0,3,4
Inactive,41.78129846852276,0.0,1,0
Basic,532.0350399938764,5.0,1,0
Basic,695.2267045219834,0.0,1,2
Standard,1773.921241778658,5.0,1,0
Basic,504.051583145286,1.0,3,4
Standard,1677.9316198073218,4.0,1,3
Standard,1199.3672686098676,6.0,2,0
Premium,6017.374579076295,7.0,4,1
Basic,623.2346186936921,2.0,1,1
Standard,1599.900638834712,3.0,4,3
Premium,5163.281507931528,8.0,2,0
Standard,1932.9850597345853,5.0,2,4
Standard,1563.796524515967,5.0,1,2
Basic,452.6648461198217,2.0,2,0
Basic,641.9822791575174,5.0,3,0
Basic,422.09130168641855,0.0,0,2
Premium,5815.944424185111,10.0,1,0
Standard,1085.8286947659012,5.0,3,4
Standard,1430.2202284693542,4.0,1,3
Premium,4419.831571949924,,4,1
Standard,1929.5248452723235,4.0,2,2
Basic,417.2708899847555,3.0,1,4
Premium,5026.469734117401,12.0,4,0
Standard,1760.6178075131447,4.0,3,2
Standard,1368.103243459955,2.0,5,2
Premium,4464.060819963635,,2,1
Standard,1554.871547837476,10.0,4,2
Inactive,56.75313595387928,0.0,0,0
Basic,562.4830642443571,1.0,0,1
Inactive,58.37733853833643,0.0,1,0
Standard,1389.113630285986,8.0,1,0
Premium,4286.312516462468,10.0,5,2
Standard,1658.563528136689,3.0,3,1
Standard,1549.1854442684432,6.0,2,1
Basic,561.5690332853117,3.0,1,0
Premium,5050.823541474237,12.0,7,2
Standard,1593.065557576444,9.0,2,2
Premium,4007.935966621196,9.0,8,1
Standard,1658.1990238442015,3.0,3,2
Basic,457.23567262574926,0.0,2,1
Standard,1358.2497320745288,5.0,6,3
Standard,1417.571107172701,4.0,7,3
Standard,1491.3718873469318,4.0,5,2
Standard,1379.1995366289805,1.0,1,2
Basic,423.94576058134646,3.0,2,0
Basic,539.2313435638721,2.0,1,0
Inactive,9.883875567718604,0.0,4,0
Basic,462.06799013324394,3.0,4,1
Standard,767.487903929254,2.0,4,0
Basic,674.181710361742,4.0,0,1
Standard,1982.423140636064,5.0,4,3
Standard,,4.0,4,0
Basic,380.6188871249498,0.0,0,1
Premium,4916.184237255818,12.0,5,1
Inactive,72.26001398277361,0.0,1,0
Standard,1588.855366196539,5.0,2,2
Basic,524.0388929962498,2.0,2,1
Basic,597.7762357970533,0.0,4,2
Basic,569.4369169239669,5.0,2,2
Basic,273.2022064147639,6.0,4,1
Basic,437.9273545918706,2.0,1,1
Premium,5225.85010048797,15.0,6,1
Standard,1432.9804750973726,4.0,6,4
Premium,5519.327143659868,13.0,7,1
Basic,201.17216504761797,2.0,6,1
Standard,1747.9751895411744,4.0,2,2
Basic,706.219695508217,2.0,2,1
Premium,4350.427029122153,12.0,7,0
Premium,4714.646273638091,14.0,7,0
Basic,364.88923450719346,3.0,2,2
Premium,6052.089637558384,11.0,3,1
Premium,4702.685145873304,10.0,8,3
Premium,4915.160085765872,17.0,5,1
Inactive,13.456081250574798,0.0,0,0
Basic,,1.0,1,2
Standard,1595.4765739750283,9.0,6,0
Standard,1401.4300451241127,5.0,2,1
Standard,1084.861940733272,3.0,4,3
Basic,683.8818572336305,1.0,1,0
Basic,380.67508930997843,2.0,0,0
Premium,5164.153587810667,6.0,3,1
Premium,4011.891967804844,6.0,6,1
Premium,4899.446102355287,11.0,5,0
Basic,557.3196913836206,3.0,4,0
Basic,351.39537356956515,3.0,1,2
Standard,1242.6915996202256,4.0,5,6
Premium,4874.114862367561,9.0,9,2
Premium,5417.984962136138,,7,2
Inactive,69.90035159231779,0.0,1,0
Standard,1603.6070582203517,5.0,4,2
Basic,501.50066686218173,2.0,5,2
Basic,369.9523969118742,2.0,1,0
Standard,815.7039206991717,,3,5
Standard,1256.3528608397799,6.0,2,4
Premium,5105.463080981965,19.0,4,0
Basic,-31.14417195198439,1.0,2,2
Basic,716.9864680252679,0.0,1,0
Basic,610.3328203220334,1.0,2,3
Standard,1125.4930566864932,4.0,3,0
Premium,5774.458976709102,10.0,2,0
Inactive,79.72318474037064,0.0,0,0
Basic,542.9400522768411,4.0,3,0
Standard,1652.5834708429265,9.0,8,4
Inactive,60.56936609939088,0.0,2,0
Basic,556.6111375834906,1.0,1,1
Standard,1856.7850360318928,13.0,1,2
Basic,700.0158749049448,3.0,2,3
Basic,674.4471320587762,2.0,0,0
Basic,407.01933940631716,2.0,4,2
Premium,5728.718974685218,8.0,3,2
Standard,1705.886562519544,8.0,2,2
Inactive,53.92544676881727,0.0,2,0
Standard,1893.7647583020678,2.0,1,2
Standard,1125.3940829528512,7.0,4,2
Standard,1775.0788361615516,4.0,7,5
Standard,2057.001701375314,1.0,3,2
Basic,504.8639906280506,2.0,0,1
Inactive,74.16513465306448,0.0,0,0
Standard,1170.965151175657,8.0,2,1
Premium,4622.483002044751,4.0,4,0
Premium,5948.302034286964,5.0,8,0
Basic,575.300283359984,2.0,3,0
Basic,243.97061567104248,2.0,2,0
Standard,1976.8984697530173,9.0,6,1
Basic,475.4751561906669,1.0,2,0
Basic,377.59653920806954,0.0,2,1
Basic,372.6290530230512,3.0,1,1
Inactive,19.943965773898604,0.0,1,0
Standard,1439.9596337315588,2.0,3,2
Basic,454.53708843319794,1.0,8,4
Standard,1638.0983455144449,2.0,0,2
Basic,613.824390241374,4.0,3,0
Basic,,0.0,1,4
Basic,410.2182024745946,3.0,0,1
Basic,738.0698677181575,0.0,5,0
Premium,5489.517912733759,9.0,4,0
Standard,1307.0538008396666,6.0,6,2
Inactive,61.1839920688175,0.0,0,0
Inactive,28.91826240341597,0.0,5,0
Premium,4820.01191320955,9.0,2,1
Premium,5206.057150365301,13.0,4,0
Premium,4676.523472940989,10.0,7,1
Basic,451.22611490361885,5.0,4,3
Basic,303.6832543271066,2.0,1,1
Standard,1795.4850309017552,8.0,3,5
Standard,1443.453942072351,5.0,1,4
Basic,438.30801135041924,1.0,1,1
Basic,295.49845888920134,2.0,2,1
Standard,1923.5016191566028,4.0,1,4
Standard,1144.5479818574943,4.0,8,0
Standard,1642.1145079616779,3.0,2,1
Standard,1409.2190929713236,5.0,2,1
Standard,1262.4641592102662,8.0,3,2
Basic,364.02383286008444,,1,0
Basic,391.19899387778645,1.0,0,2
Basic,622.6227471155479,2.0,4,2
Basic,573.3859663118534,3.0,0,1
Premium,5575.064339196816,4.0,3,1
Standard,1061.9142281823565,11.0,2,3
Premium,4986.023934875709,15.0,3,1
Standard,,5.0,3,4
Basic,816.7419827626959,3.0,1,0
Inactive,60.45533484733436,0.0,0,0
Premium,4864.000013845932,14.0,4,1
Standard,1313.3805495165136,7.0,5,3
Basic,182.78526553217182,2.0,6,2
Standard,1423.9998775539766,8.0,2,0
Standard,1814.509465690627,1.0,3,1
Basic,553.257150718264,1.0,2,1
Basic,475.6208052985615,2.0,3,0
Premium,5167.609173108686,11.0,4,1
Standard,1292.4915530171086,4.0,1,1
Basic,,3.0,3,1
Standard,1656.232933420202,7.0,2,2
Premium,5002.219261304907,6.0,5,0
Basic,535.5834446051186,2.0,2,0
Premium,4314.358554870863,,5,2
Basic,597.3881749656891,2.0,5,0
Standard,1485.8058324002056,3.0,4,2
Inactive,39.22517684290636,0.0,0,0
Standard,1587.6505955541672,6.0,2,0
Standard,1648.9777053570904,,2,4
Premium,4758.243705731707,9.0,5,0
Standard,1045.5319502771108,1.0,1,2
Basic,557.6850280913102,1.0,0,2
Inactive,,0.0,3,0
Standard,1852.6362037017404,5.0,5,1
Standard,1702.549320296488,7.0,2,6
Basic,53.59512889857132,1.0,4,1
Basic,505.6002615666069,2.0,2,0
Standard,1491.6249228097558,9.0,2,1
Standard,1864.652041506924,5.0,1,0
Standard,1183.8627607972364,8.0,2,2
Basic,759.3570884288945,2.0,2,4
Premium,5785.983992693808,12.0,7,3
Basic,480.87380316362703,1.0,1,1
Standard,1366.8220516695324,6.0,3,1
Basic,384.3010787663956,1.0,4,2
Premium,4619.011384146676,9.0,3,1
Standard,1347.6236020640806,9.0,2,4
Standard,1078.0307270160797,6.0,2,4
Basic,422.5909735204479,,0,0
Premium,4905.124221370159,8.0,4,3
Standard,1248.8681019759265,8.0,1,4
Standard,1585.0429812056948,7.0,1,1
Standard,1486.594079567943,7.0,4,3
Basic,441.6882059492748,0.0,5,0
Basic,485.3715161477076,4.0,2,0
Basic,825.6326607287644,4.0,1,1
Standard,1249.73850997066,8.0,6,1
Basic,713.4592413513128,1.0,6,0
Standard,1580.2313640015384,5.0,1,2
Premium,4627.526170321778,9.0,8,0
Premium,4849.390427973409,16.0,4,0
Standard,1398.3217105952572,2.0,1,2
Basic,616.3648077924088,3.0,1,1
Basic,337.5197475223098,2.0,2,1
Basic,576.9564385048723,3.0,1,0
Standard,1733.0765564280575,,4,2
Standard,1671.625704766327,3.0,3,2
Premium,5809.142862478806,9.0,8,0
Standard,1316.9550763259565,7.0,4,3
Standard,1484.2164379930873,7.0,1,2
Premium,4665.925404241632,6.0,4,1
Standard,1790.6233863501755,9.0,2,3
Standard,1130.5501268335202,8.0,1,1
Basic,662.3937381503316,5.0,1,0
Inactive,93.0232808285154,0.0,0,0
Inactive,86.12564592765197,0.0,2,0
Basic,633.9583890066555,2.0,1,1
Standard,1428.4148914468185,3.0,3,3
Basic,547.4145133190941,6.0,3,1
Basic,734.6862668299501,2.0,2,0
Premium,5047.397479838036,10.0,7,0
Standard,1425.757197587704,5.0,2,1
Basic,478.55834531917526,1.0,3,3
Standard,1747.793116931102,3.0,1,2
Standard,1665.8829567594316,4.0,4,3
Standard,1307.0254706362298,2.0,2,3
Premium,5002.892557413326,9.0,4,0
Standard,1527.033128769326,2.0,2,1
Standard,1763.4616696309936,4.0,4,1
Premium,5419.623922695298,11.0,3,1
Premium,4951.625297334823,22.0,4,1
Basic,435.73674049999465,4.0,1,2
Standard,1021.2426060100422,3.0,5,1
Standard,1910.9413635577775,7.0,2,4
Standard,1333.7355141939468,8.0,2,0
Inactive,56.68070257912983,0.0,0,0
Standard,1558.9406253087782,4.0,3,3
Standard,1227.6729937576897,7.0,6,2
Basic,377.5090719290625,2.0,5,0
Basic,484.16105610669825,4.0,2,2
Premium,4568.037648087286,11.0,8,4
Basic,536.6988244496612,2.0,2,0
Standard,1371.4714695733269,5.0,5,2
Standard,1115.0743690870672,10.0,3,3
Premium,5015.708736733275,6.0,3,1
Premium,5082.549775746613,10.0,2,1
Basic,478.4869964647255,2.0,2,0
Standard,1307.1541707242575,9.0,1,1
Standard,1521.3694192377043,6.0,2,0
Basic,364.379173534778,3.0,4,1
Basic,350.4699357864695,4.0,4,1
Premium,4697.215172348284,12.0,5,1
Basic,354.60812024834524,5.0,1,0
Premium,5421.994626059598,12.0,4,3
Basic,579.5635195962857,4.0,6,0
Basic,440.2492065966871,0.0,1,0
Inactive,48.31664806681777,0.0,5,0
Premium,4928.1991928314255,7.0,8,4
Premium,4640.350984100005,7.0,4,1
Standard,1322.1451574377247,2.0,0,0
